<?xml version="1.0" standalone="yes"?>  <DATAPACKET Version="2.0"><METADATA><FIELDS><FIELD attrname="IDCliente" fieldtype="string" WIDTH="6"/><FIELD attrname="Nome" fieldtype="string" WIDTH="40"/><FIELD attrname="DtNascimento" fieldtype="date"/><FIELD attrname="Endereco" fieldtype="string" WIDTH="30"/><FIELD attrname="Numero" fieldtype="string" WIDTH="5"/><FIELD attrname="Complemento" fieldtype="string" WIDTH="30"/><FIELD attrname="Bairro" fieldtype="string" WIDTH="30"/><FIELD attrname="Cidade" fieldtype="string" WIDTH="30"/><FIELD attrname="Estado" fieldtype="string" WIDTH="2"/><FIELD attrname="Cep" fieldtype="string" WIDTH="10"/><FIELD attrname="Telefone" fieldtype="string" WIDTH="14"/><FIELD attrname="Celular" fieldtype="string" WIDTH="14"/><FIELD attrname="EMail" fieldtype="string" WIDTH="30"/></FIELDS><PARAMS CHANGE_LOG="1 0 4 2 0 4 3 0 4 4 0 4 5 3 8 4 0 2 5 0 2 6 0 4 7 0 4 8 0 4 9 0 4 10 9 8 11 6 8 12 0 4 13 0 4 14 0 4 15 1 8 16 15 8 17 0 4 16 0 2 14 0 2 17 0 2 18 0 4 19 0 4 20 0 4 20 0 2 19 0 2 21 0 4 22 21 8 23 18 8 24 23 8 7 0 2 10 0 2 12 0 2 13 0 2 11 0 2 2 0 2 24 0 2 8 0 2 22 0 2 25 0 4"/></METADATA><ROWDATA><ROW RowState="5" IDCliente="123456" Nome="HERMINIO LOURENCO PAES JUNIOR" DtNascimento="19590616" Endereco="RUA CONEGO ROMEU" Numero="161" Complemento="APTO 201C" Bairro="SETUBAL" Cidade="RECIFE" Estado="PE" Cep="51.030-340" Telefone="(81) 3342-2115" Celular="(81) 9234-1721" EMail="HERMINIOLPAESJR@GMAIL.COM"/><ROW RowState="6" IDCliente="123457" Nome="DANIELA APARECIDA ROCCON PAES" DtNascimento="19861015" Endereco="AVENIDA P 13" Numero="285" Complemento="FUNDOS" Bairro="VILA PAULISTA" Cidade="RIO CLARO" Estado="SP" Cep="13.506-825" Telefone="(19) 3533-9445" Celular="(81) 9234-1721" EMail="DANIZINHA_PAES@HOTMAIL.COM"/><ROW RowState="5" IDCliente="123458" Nome="GIOVANA PAES" Endereco="RUA CONEGO ROMEU" Numero="161" Complemento="APTO 201C" Bairro="SETUBAL" Cidade="RECIFE" Estado="PE" Cep="51.030-340" Telefone="(81) 3342-2115" Celular="(81) 9234-1721" EMail="GIOVANAPAES@HOTMAIL.COM"/><ROW RowState="6" IDCliente="123459" Nome="GIULIANA PAES" DtNascimento="19990709" Endereco="RUA CONEGO ROMEU" Numero="161" Complemento="APTO 201C" Bairro="SETUBAL" Cidade="RECIFE" Estado="PE" Cep="51.030-340" Telefone="(81) 3342-2115" Celular="(81) 9234-1721" EMail="GIULIANAPAES@HOTMAIL.COM"/><ROW RowState="14" IDCliente="123458" Nome="GIOVANA PAES" DtNascimento="19940326" Endereco="RUA CONEGO ROMEU" Numero="161" Complemento="APTO 201C" Bairro="SETUBAL" Cidade="RECIFE" Estado="PE" Cep="51.030-340" Telefone="(81) 3342-2115" Celular="(81) 9234-1721" EMail="GIOVANAPAES@HOTMAIL.COM"/><ROW RowState="5" IDCliente="123458" Nome="GIOVANA PAES" DtNascimento="19990326" Endereco="RUA CONEGO ROMEU" Numero="161" Complemento="APTO 201C" Bairro="SETUBAL" Cidade="RECIFE" Estado="PE" Cep="51.030-340" Telefone="(81) 3342-2115" Celular="(81) 9234-1721" EMail="GIOVANAPAES@HOTMAIL.COM"/><ROW RowState="6" IDCliente="123459" Nome="GIULIANA PAES" DtNascimento="19990709" Endereco="RUA CONEGO ROMEU" Numero="161" Complemento="APTO 201C" Bairro="SETUBAL" Cidade="RECIFE" Estado="PE" Cep="51.030-340" Telefone="(81) 3342-2115" Celular="(81) 9234-1721" EMail="GIULIANAPAES@HOTMAIL.COM"/><ROW RowState="6" IDCliente="123450" Nome="OPHELIA LOURENCO PAES" DtNascimento="19340415" Endereco="RUA CONEGO ROMEU" Numero="161" Complemento="APTO 201C" Bairro="SETUBAL" Cidade="RECIFE" Estado="PE" Cep="51.030-340" Telefone="(81) 3342-2115" Celular="(81) 9234-1721" EMail="OPHELIAPAES@HOTMAIL.COM"/><ROW RowState="5" IDCliente="123467" Nome="HERMINIO LOURENCO PAES" DtNascimento="19300410" Endereco="RUA CONEGO ROMEU" Numero="161" Complemento="APTO 201C" Bairro="SETUBAL" Cidade="RECIFE" Estado="PE" Cep="51.030-340" Telefone="(81) 3342-2115" Celular="(92) 3417-21" EMail="HERMINIOPAES@HOTMAIL.COM"/><ROW RowState="14" IDCliente="123467" Nome="HERMINIO LOURENCO PAES" DtNascimento="19300410" Endereco="RUA CONEGO ROMEU" Numero="161" Complemento="APTO 201C" Bairro="SETUBAL" Cidade="RECIFE" Estado="PE" Cep="51.030-340" Telefone="(81) 3342-2115" Celular="(81) 9234-1721" EMail="HERMINIOPAES@HOTMAIL.COM"/><ROW RowState="14" IDCliente="123458" Nome="GIOVANA PAES" DtNascimento="19940326" Endereco="RUA CONEGO ROMEU" Numero="161" Complemento="APTO 201C" Bairro="SETUBAL" Cidade="RECIFE" Estado="PE" Cep="51.030-340" Telefone="(81) 3342-2115" Celular="(81) 9234-1721" EMail="GIOVANAPAES@HOTMAIL.COM"/><ROW RowState="6" IDCliente="123468" Nome="NEUSA LOURENCO PAES" DtNascimento="19501001" Endereco="RUA PROF. AUGUSTO LINS E SILVA" Numero="481" Complemento="APTO 1101" Bairro="SETUBAL" Cidade="RECIFE" Estado="PE" Cep="51.030-340" Telefone="(81) 3341-2114" Celular="(92) 3417-21" EMail="MAEURSO@GMAIL.COM"/><ROW RowState="6" IDCliente="123469" Nome="NARA APARECIDA LOURENCO PAES" DtNascimento="19640916" Endereco="RUA CONEGO ROMEU" Numero="161" Complemento="APTO 201C" Bairro="SETUBAL" Cidade="RECIFE" Estado="PE" Cep="51.030-340" Telefone="(81) 3342-2115" Celular="(81) 9234-1721" EMail="NARAPAES@GMAIL.COM"/><ROW RowState="6" IDCliente="123456"/><ROW RowState="13" IDCliente="123852" Nome="HERMINIO LOURENCO PAES JUNIOR" DtNascimento="19590616" Endereco="RUA CONEGO ROMEU" Numero="161" Complemento="APTO 201C" Bairro="SETUBAL" Cidade="RECIFE" Estado="PE" Cep="51.030-340" Telefone="(81) 3342-2115" Celular="(81) 9234-1721" EMail="HERMINIOLPAESJR@GMAIL.COM"/><ROW RowState="14" IDCliente="111111" Nome="HERMINIO LOURENCO PAES JUNIOR" DtNascimento="19590616" Endereco="RUA CONEGO ROMEU" Numero="161" Complemento="APTO 201C" Bairro="SETUBAL" Cidade="RECIFE" Estado="PE" Cep="51.030-340" Telefone="(81) 3342-2115" Celular="(81) 9234-1721" EMail="HERMINIOLPAESJR@GMAIL.COM"/><ROW RowState="6" IDCliente="123456" Nome="TESTE"/><ROW RowState="5" IDCliente="123456" Nome="HERMINIO LOURENCO PAES JUNIOR" DtNascimento="19590616" Endereco="RUA CONEGO ROMEU" Numero="161" Complemento="APTO 201C" Bairro="SETUBAL" Cidade="RECIFE" Estado="PE" Cep="51.030-340" Telefone="(81) 3342-2115" Celular="(81) 9234-1721" EMail="HERMINIOLPAESJR@GMAIL.COM"/><ROW RowState="6" IDCliente="000001" Nome="TESTE"/><ROW RowState="6" IDCliente="000002" Nome="TESTE"/><ROW RowState="5" IDCliente="000001" Nome="TESTE" Endereco="TESTE" Complemento="TESTE" Bairro="TESTE" Cidade="TESTE" EMail="TESTE"/><ROW RowState="14" IDCliente="000001" Nome="NELSON LOURENCO PAES" DtNascimento="19520508" Endereco="RUA CONEGO ROMEU" Numero="161" Complemento="APTO 201C" Bairro="SETUBAL" Cidade="RECIFE" Estado="PE" Cep="51.030-340" Telefone="(81) 3342-2115" Celular="(81) 9234-1721" EMail="NELSONAY@HOTMAIL.COM"/><ROW RowState="13" IDCliente="123456" Nome="HERMINIO LOURENCO PAES JUNIOR TU � MUITO" DtNascimento="19590616" Endereco="RUA CONEGO ROMEU" Numero="161" Complemento="APTO 201C" Bairro="SETUBAL" Cidade="RECIFE" Estado="PE" Cep="51.030-340" Telefone="(81) 3342-2115" Celular="(81) 9234-1721" EMail="HERMINIOLPAESJR@GMAIL.COM"/><ROW RowState="14" IDCliente="123456" Nome="HERMINIO LOURENCO PAES JUNIOR" DtNascimento="19590616" Endereco="RUA CONEGO ROMEU" Numero="161" Complemento="APTO 201C" Bairro="SETUBAL" Cidade="RECIFE" Estado="PE" Cep="51.030-340" Telefone="(81) 3342-2115" Celular="(81) 9234-1721" EMail="HERMINIOLPAESJR@GMAIL.COM"/><ROW RowState="4" IDCliente="000001" Nome="HERMINIO LOURENCO PAES JUNIOR" DtNascimento="19590616" Endereco="RUA CONEGO ROMEU" Numero="161" Complemento="APTO 201C" Bairro="SETUBAL" Cidade="RECIFE" Estado="PE" Cep="51.030-340" Telefone="(81) 3342-2115" Celular="(81) 9234-1721" EMail="HERMINIOLPAESJR@GMAIL.COM"/></ROWDATA></DATAPACKET>