<?xml version="1.0" standalone="yes"?>  <DATAPACKET Version="2.0"><METADATA><FIELDS><FIELD attrname="YEARTEXT" fieldtype="string" SUBTYPE="FixedChar" WIDTH="10"><PARAM Name="ORIGIN" Value="REFPROGRAMYEAR.YEARTEXT" Roundtrip="True"/></FIELD><FIELD attrname="PERIODTEXT" fieldtype="string" WIDTH="100"><PARAM Name="ORIGIN" Value="REFREPORTPERIOD.PERIODTEXT" Roundtrip="True"/></FIELD><FIELD attrname="ACCOUNTNUMBERWITHDESCRIPTION" fieldtype="bin.hex" readonly="true" SUBTYPE="Text" WIDTH="318"/><FIELD attrname="ENTRYDATE" fieldtype="dateTime"><PARAM Name="ORIGIN" Value="ACCOUNTINGENTRYHEADER.ENTRYDATE" Roundtrip="True"/></FIELD><FIELD attrname="ENTRYDESCRIPTION" fieldtype="string" WIDTH="100"><PARAM Name="ORIGIN" Value="ACCOUNTINGENTRYDETAIL.ENTRYDESCRIPTION" Roundtrip="True"/></FIELD><FIELD attrname="HEADERDESCRIPTION" fieldtype="string" WIDTH="100"><PARAM Name="ORIGIN" Value="ACCOUNTINGENTRYHEADER.HEADERDESCRIPTION" Roundtrip="True"/></FIELD><FIELD attrname="TRANSACTIONNUMBER" fieldtype="i8"><PARAM Name="ORIGIN" Value="ACCOUNTINGENTRYHEADER.TRANSACTIONNUMBER" Roundtrip="True"/></FIELD><FIELD attrname="CURRENCYDESCRIPTION" fieldtype="string" WIDTH="100"><PARAM Name="ORIGIN" Value="REFCURRENCYMASTER.CURRENCYDESCRIPTION" Roundtrip="True"/></FIELD><FIELD attrname="CURRENCYSYMBOL" fieldtype="string" SUBTYPE="FixedChar" WIDTH="1"><PARAM Name="ORIGIN" Value="REFCURRENCYMASTER.CURRENCYSYMBOL" Roundtrip="True"/></FIELD><FIELD attrname="CURRENCYAMOUNT" fieldtype="r8"><PARAM Name="ORIGIN" Value="ACCOUNTENTRYDETAILAMOUNT.CURRENCYAMOUNT" Roundtrip="True"/></FIELD><FIELD attrname="PERCENTASSIGNED" fieldtype="i2"><PARAM Name="ORIGIN" Value="ACCOUNTVIEWFILTERXREF.PERCENTASSIGNED" Roundtrip="True"/></FIELD><FIELD attrname="PRORATEDAMOUNT" fieldtype="r8" readonly="true"/></FIELDS><PARAMS/></METADATA><ROWDATA><ROW YEARTEXT="2007-2008" PERIODTEXT="March, 2007" ACCOUNTNUMBERWITHDESCRIPTION="400-550-003 (100%) DESCR 400550003" ENTRYDATE="20070323" ENTRYDESCRIPTION="DESCR 000002501685800" HEADERDESCRIPTION="DESC 2007-03-23 00:00:00.0000" TRANSACTIONNUMBER="865862" CURRENCYDESCRIPTION="US DOLLAR" CURRENCYSYMBOL="D" CURRENCYAMOUNT="7200" PERCENTASSIGNED="100" PRORATEDAMOUNT="7200"/><ROW YEARTEXT="2007-2008" PERIODTEXT="March, 2007" ACCOUNTNUMBERWITHDESCRIPTION="400-550-003 (100%) DESCR 400550003" ENTRYDATE="20070323" ENTRYDESCRIPTION="DESCR 000002501685800" HEADERDESCRIPTION="DESC 2007-03-23 00:00:00.0000" TRANSACTIONNUMBER="865862" CURRENCYDESCRIPTION="US DOLLAR" CURRENCYSYMBOL="D" CURRENCYAMOUNT="7200" PERCENTASSIGNED="100" PRORATEDAMOUNT="7200"/><ROW YEARTEXT="2007-2008" PERIODTEXT="March, 2007" ACCOUNTNUMBERWITHDESCRIPTION="400-550-003 (100%) DESCR 400550003" ENTRYDATE="20070323" ENTRYDESCRIPTION="DESCR 000002506285800" HEADERDESCRIPTION="DESC 2007-03-23 00:00:00.0000" TRANSACTIONNUMBER="100" CURRENCYDESCRIPTION="CURRENCY 6" CURRENCYSYMBOL="I" CURRENCYAMOUNT="25000" PERCENTASSIGNED="100" PRORATEDAMOUNT="25000"/><ROW YEARTEXT="2007-2008" PERIODTEXT="March, 2007" ACCOUNTNUMBERWITHDESCRIPTION="400-550-003 (100%) DESCR 400550003" ENTRYDATE="20070323" ENTRYDESCRIPTION="DESCR 000002506285800" HEADERDESCRIPTION="DESC 2007-03-23 00:00:00.0000" TRANSACTIONNUMBER="100" CURRENCYDESCRIPTION="US DOLLAR" CURRENCYSYMBOL="D" CURRENCYAMOUNT="16.59" PERCENTASSIGNED="100" PRORATEDAMOUNT="16.59"/><ROW YEARTEXT="2007-2008" PERIODTEXT="March, 2007" ACCOUNTNUMBERWITHDESCRIPTION="400-550-003 (100%) DESCR 400550003" ENTRYDATE="20070326" ENTRYDESCRIPTION="DESCR 000002508685800" HEADERDESCRIPTION="DESC 2007-03-26 00:00:00.0000" TRANSACTIONNUMBER="3" CURRENCYDESCRIPTION="CURRENCY 6" CURRENCYSYMBOL="I" CURRENCYAMOUNT="175000" PERCENTASSIGNED="100" PRORATEDAMOUNT="175000"/><ROW YEARTEXT="2007-2008" PERIODTEXT="March, 2007" ACCOUNTNUMBERWITHDESCRIPTION="400-550-003 (100%) DESCR 400550003" ENTRYDATE="20070326" ENTRYDESCRIPTION="DESCR 000002508685800" HEADERDESCRIPTION="DESC 2007-03-26 00:00:00.0000" TRANSACTIONNUMBER="3" CURRENCYDESCRIPTION="US DOLLAR" CURRENCYSYMBOL="D" CURRENCYAMOUNT="116.12" PERCENTASSIGNED="100" PRORATEDAMOUNT="116.12"/><ROW YEARTEXT="2007-2008" PERIODTEXT="March, 2007" ACCOUNTNUMBERWITHDESCRIPTION="400-550-003 (100%) DESCR 400550003" ENTRYDATE="20070331" ENTRYDESCRIPTION="DESCR 000002511185800" HEADERDESCRIPTION="DESC 2007-03-31 00:00:00.0000" TRANSACTIONNUMBER="24" CURRENCYDESCRIPTION="CURRENCY 6" CURRENCYSYMBOL="I" CURRENCYAMOUNT="35000" PERCENTASSIGNED="100" PRORATEDAMOUNT="35000"/><ROW YEARTEXT="2007-2008" PERIODTEXT="March, 2007" ACCOUNTNUMBERWITHDESCRIPTION="400-550-003 (100%) DESCR 400550003" ENTRYDATE="20070331" ENTRYDESCRIPTION="DESCR 000002511185800" HEADERDESCRIPTION="DESC 2007-03-31 00:00:00.0000" TRANSACTIONNUMBER="24" CURRENCYDESCRIPTION="US DOLLAR" CURRENCYSYMBOL="D" CURRENCYAMOUNT="23.22" PERCENTASSIGNED="100" PRORATEDAMOUNT="23.22"/><ROW YEARTEXT="2007-2008" PERIODTEXT="April, 2007" ACCOUNTNUMBERWITHDESCRIPTION="400-550-003 (100%) DESCR 400550003" ENTRYDATE="20070407" ENTRYDESCRIPTION="DESCR 000002523585800" HEADERDESCRIPTION="DESC 2007-04-07 00:00:00.0000" TRANSACTIONNUMBER="25" CURRENCYDESCRIPTION="US DOLLAR" CURRENCYSYMBOL="D" CURRENCYAMOUNT="25" PERCENTASSIGNED="100" PRORATEDAMOUNT="25"/><ROW YEARTEXT="2007-2008" PERIODTEXT="April, 2007" ACCOUNTNUMBERWITHDESCRIPTION="400-550-003 (100%) DESCR 400550003" ENTRYDATE="20070407" ENTRYDESCRIPTION="DESCR 000002523585800" HEADERDESCRIPTION="DESC 2007-04-07 00:00:00.0000" TRANSACTIONNUMBER="25" CURRENCYDESCRIPTION="US DOLLAR" CURRENCYSYMBOL="D" CURRENCYAMOUNT="25" PERCENTASSIGNED="100" PRORATEDAMOUNT="25"/><ROW YEARTEXT="2007-2008" PERIODTEXT="April, 2007" ACCOUNTNUMBERWITHDESCRIPTION="400-550-003 (100%) DESCR 400550003" ENTRYDATE="20070407" ENTRYDESCRIPTION="DESCR 000002524585800" HEADERDESCRIPTION="DESC 2007-04-07 00:00:00.0000" TRANSACTIONNUMBER="8" CURRENCYDESCRIPTION="CURRENCY 6" CURRENCYSYMBOL="I" CURRENCYAMOUNT="236000" PERCENTASSIGNED="100" PRORATEDAMOUNT="236000"/><ROW YEARTEXT="2007-2008" PERIODTEXT="April, 2007" ACCOUNTNUMBERWITHDESCRIPTION="400-550-003 (100%) DESCR 400550003" ENTRYDATE="20070407" ENTRYDESCRIPTION="DESCR 000002524585800" HEADERDESCRIPTION="DESC 2007-04-07 00:00:00.0000" TRANSACTIONNUMBER="8" CURRENCYDESCRIPTION="US DOLLAR" CURRENCYSYMBOL="D" CURRENCYAMOUNT="156.6" PERCENTASSIGNED="100" PRORATEDAMOUNT="156.6"/><ROW YEARTEXT="2007-2008" PERIODTEXT="May, 2007" ACCOUNTNUMBERWITHDESCRIPTION="400-550-003 (100%) DESCR 400550003" ENTRYDATE="20070519" ENTRYDESCRIPTION="DESCR 000002558785800" HEADERDESCRIPTION="DESC 2007-05-19 00:00:00.0000" TRANSACTIONNUMBER="18" CURRENCYDESCRIPTION="CURRENCY 6" CURRENCYSYMBOL="I" CURRENCYAMOUNT="25000" PERCENTASSIGNED="100" PRORATEDAMOUNT="25000"/><ROW YEARTEXT="2007-2008" PERIODTEXT="May, 2007" ACCOUNTNUMBERWITHDESCRIPTION="400-550-003 (100%) DESCR 400550003" ENTRYDATE="20070519" ENTRYDESCRIPTION="DESCR 000002558785800" HEADERDESCRIPTION="DESC 2007-05-19 00:00:00.0000" TRANSACTIONNUMBER="18" CURRENCYDESCRIPTION="US DOLLAR" CURRENCYSYMBOL="D" CURRENCYAMOUNT="16.62" PERCENTASSIGNED="100" PRORATEDAMOUNT="16.62"/><ROW YEARTEXT="2007-2008" PERIODTEXT="May, 2007" ACCOUNTNUMBERWITHDESCRIPTION="400-550-003 (100%) DESCR 400550003" ENTRYDATE="20070524" ENTRYDESCRIPTION="DESCR 000002563785800" HEADERDESCRIPTION="DESC 2007-05-24 00:00:00.0000" TRANSACTIONNUMBER="23" CURRENCYDESCRIPTION="CURRENCY 6" CURRENCYSYMBOL="I" CURRENCYAMOUNT="180000" PERCENTASSIGNED="100" PRORATEDAMOUNT="180000"/><ROW YEARTEXT="2007-2008" PERIODTEXT="May, 2007" ACCOUNTNUMBERWITHDESCRIPTION="400-550-003 (100%) DESCR 400550003" ENTRYDATE="20070524" ENTRYDESCRIPTION="DESCR 000002563785800" HEADERDESCRIPTION="DESC 2007-05-24 00:00:00.0000" TRANSACTIONNUMBER="23" CURRENCYDESCRIPTION="US DOLLAR" CURRENCYSYMBOL="D" CURRENCYAMOUNT="119.68" PERCENTASSIGNED="100" PRORATEDAMOUNT="119.68"/><ROW YEARTEXT="2007-2008" PERIODTEXT="May, 2007" ACCOUNTNUMBERWITHDESCRIPTION="400-550-003 (100%) DESCR 400550003" ENTRYDATE="20070529" ENTRYDESCRIPTION="DESCR 000002566385800" HEADERDESCRIPTION="DESC 2007-05-29 00:00:00.0000" TRANSACTIONNUMBER="26" CURRENCYDESCRIPTION="CURRENCY 6" CURRENCYSYMBOL="I" CURRENCYAMOUNT="80000" PERCENTASSIGNED="100" PRORATEDAMOUNT="80000"/><ROW YEARTEXT="2007-2008" PERIODTEXT="May, 2007" ACCOUNTNUMBERWITHDESCRIPTION="400-550-003 (100%) DESCR 400550003" ENTRYDATE="20070529" ENTRYDESCRIPTION="DESCR 000002566385800" HEADERDESCRIPTION="DESC 2007-05-29 00:00:00.0000" TRANSACTIONNUMBER="26" CURRENCYDESCRIPTION="US DOLLAR" CURRENCYSYMBOL="D" CURRENCYAMOUNT="53.19" PERCENTASSIGNED="100" PRORATEDAMOUNT="53.19"/><ROW YEARTEXT="2007-2008" PERIODTEXT="May, 2007" ACCOUNTNUMBERWITHDESCRIPTION="400-550-003 (100%) DESCR 400550003" ENTRYDATE="20070531" ENTRYDESCRIPTION="DESCR 000002568985800" HEADERDESCRIPTION="DESC 2007-05-31 00:00:00.0000" TRANSACTIONNUMBER="28" CURRENCYDESCRIPTION="CURRENCY 6" CURRENCYSYMBOL="I" CURRENCYAMOUNT="70000" PERCENTASSIGNED="100" PRORATEDAMOUNT="70000"/><ROW YEARTEXT="2007-2008" PERIODTEXT="May, 2007" ACCOUNTNUMBERWITHDESCRIPTION="400-550-003 (100%) DESCR 400550003" ENTRYDATE="20070531" ENTRYDESCRIPTION="DESCR 000002568985800" HEADERDESCRIPTION="DESC 2007-05-31 00:00:00.0000" TRANSACTIONNUMBER="28" CURRENCYDESCRIPTION="US DOLLAR" CURRENCYSYMBOL="D" CURRENCYAMOUNT="46.54" PERCENTASSIGNED="100" PRORATEDAMOUNT="46.54"/><ROW YEARTEXT="2007-2008" PERIODTEXT="May, 2007" ACCOUNTNUMBERWITHDESCRIPTION="400-550-003 (100%) DESCR 400550003" ENTRYDATE="20070601" ENTRYDESCRIPTION="DESCR 000002572185800" HEADERDESCRIPTION="DESC 2007-06-01 00:00:00.0000" TRANSACTIONNUMBER="33" CURRENCYDESCRIPTION="CURRENCY 6" CURRENCYSYMBOL="I" CURRENCYAMOUNT="45150" PERCENTASSIGNED="100" PRORATEDAMOUNT="45150"/><ROW YEARTEXT="2007-2008" PERIODTEXT="May, 2007" ACCOUNTNUMBERWITHDESCRIPTION="400-550-003 (100%) DESCR 400550003" ENTRYDATE="20070601" ENTRYDESCRIPTION="DESCR 000002572185800" HEADERDESCRIPTION="DESC 2007-06-01 00:00:00.0000" TRANSACTIONNUMBER="33" CURRENCYDESCRIPTION="US DOLLAR" CURRENCYSYMBOL="D" CURRENCYAMOUNT="30.02" PERCENTASSIGNED="100" PRORATEDAMOUNT="30.02"/><ROW YEARTEXT="2007-2008" PERIODTEXT="June, 2007" ACCOUNTNUMBERWITHDESCRIPTION="400-550-003 (100%) DESCR 400550003" ENTRYDATE="20070613" ENTRYDESCRIPTION="DESCR 000002586385800" HEADERDESCRIPTION="DESC 2007-06-13 00:00:00.0000" TRANSACTIONNUMBER="43" CURRENCYDESCRIPTION="US DOLLAR" CURRENCYSYMBOL="D" CURRENCYAMOUNT="50" PERCENTASSIGNED="100" PRORATEDAMOUNT="50"/><ROW YEARTEXT="2007-2008" PERIODTEXT="June, 2007" ACCOUNTNUMBERWITHDESCRIPTION="400-550-003 (100%) DESCR 400550003" ENTRYDATE="20070613" ENTRYDESCRIPTION="DESCR 000002586385800" HEADERDESCRIPTION="DESC 2007-06-13 00:00:00.0000" TRANSACTIONNUMBER="43" CURRENCYDESCRIPTION="US DOLLAR" CURRENCYSYMBOL="D" CURRENCYAMOUNT="50" PERCENTASSIGNED="100" PRORATEDAMOUNT="50"/><ROW YEARTEXT="2007-2008" PERIODTEXT="July, 2007" ACCOUNTNUMBERWITHDESCRIPTION="400-550-003 (100%) DESCR 400550003" ENTRYDATE="20070710" ENTRYDESCRIPTION="DESCR 000002613985800" HEADERDESCRIPTION="DESC 2007-07-10 00:00:00.0000" TRANSACTIONNUMBER="45" CURRENCYDESCRIPTION="CURRENCY 6" CURRENCYSYMBOL="I" CURRENCYAMOUNT="80000" PERCENTASSIGNED="100" PRORATEDAMOUNT="80000"/><ROW YEARTEXT="2007-2008" PERIODTEXT="July, 2007" ACCOUNTNUMBERWITHDESCRIPTION="400-550-003 (100%) DESCR 400550003" ENTRYDATE="20070710" ENTRYDESCRIPTION="DESCR 000002613985800" HEADERDESCRIPTION="DESC 2007-07-10 00:00:00.0000" TRANSACTIONNUMBER="45" CURRENCYDESCRIPTION="US DOLLAR" CURRENCYSYMBOL="D" CURRENCYAMOUNT="53.05" PERCENTASSIGNED="100" PRORATEDAMOUNT="53.05"/><ROW YEARTEXT="2007-2008" PERIODTEXT="July, 2007" ACCOUNTNUMBERWITHDESCRIPTION="400-550-003 (100%) DESCR 400550003" ENTRYDATE="20070710" ENTRYDESCRIPTION="DESCR 000002615085800" HEADERDESCRIPTION="DESC 2007-07-10 00:00:00.0000" TRANSACTIONNUMBER="46" CURRENCYDESCRIPTION="CURRENCY 6" CURRENCYSYMBOL="I" CURRENCYAMOUNT="65000" PERCENTASSIGNED="100" PRORATEDAMOUNT="65000"/><ROW YEARTEXT="2007-2008" PERIODTEXT="July, 2007" ACCOUNTNUMBERWITHDESCRIPTION="400-550-003 (100%) DESCR 400550003" ENTRYDATE="20070710" ENTRYDESCRIPTION="DESCR 000002615085800" HEADERDESCRIPTION="DESC 2007-07-10 00:00:00.0000" TRANSACTIONNUMBER="46" CURRENCYDESCRIPTION="US DOLLAR" CURRENCYSYMBOL="D" CURRENCYAMOUNT="43.1" PERCENTASSIGNED="100" PRORATEDAMOUNT="43.1"/><ROW YEARTEXT="2007-2008" PERIODTEXT="August, 2007" ACCOUNTNUMBERWITHDESCRIPTION="400-550-003 (100%) DESCR 400550003" ENTRYDATE="20070821" ENTRYDESCRIPTION="DESCR 000002644685800" HEADERDESCRIPTION="DESC 2007-08-21 00:00:00.0000" TRANSACTIONNUMBER="58" CURRENCYDESCRIPTION="CURRENCY 6" CURRENCYSYMBOL="I" CURRENCYAMOUNT="60000" PERCENTASSIGNED="100" PRORATEDAMOUNT="60000"/><ROW YEARTEXT="2007-2008" PERIODTEXT="August, 2007" ACCOUNTNUMBERWITHDESCRIPTION="400-550-003 (100%) DESCR 400550003" ENTRYDATE="20070821" ENTRYDESCRIPTION="DESCR 000002644685800" HEADERDESCRIPTION="DESC 2007-08-21 00:00:00.0000" TRANSACTIONNUMBER="58" CURRENCYDESCRIPTION="US DOLLAR" CURRENCYSYMBOL="D" CURRENCYAMOUNT="39.89" PERCENTASSIGNED="100" PRORATEDAMOUNT="39.89"/><ROW YEARTEXT="2007-2008" PERIODTEXT="August, 2007" ACCOUNTNUMBERWITHDESCRIPTION="400-550-003 (100%) DESCR 400550003" ENTRYDATE="20070831" ENTRYDESCRIPTION="DESCR 000002655885800" HEADERDESCRIPTION="DESC 2007-08-31 00:00:00.0000" TRANSACTIONNUMBER="47" CURRENCYDESCRIPTION="CURRENCY 6" CURRENCYSYMBOL="I" CURRENCYAMOUNT="62000" PERCENTASSIGNED="100" PRORATEDAMOUNT="62000"/><ROW YEARTEXT="2007-2008" PERIODTEXT="August, 2007" ACCOUNTNUMBERWITHDESCRIPTION="400-550-003 (100%) DESCR 400550003" ENTRYDATE="20070831" ENTRYDESCRIPTION="DESCR 000002655885800" HEADERDESCRIPTION="DESC 2007-08-31 00:00:00.0000" TRANSACTIONNUMBER="47" CURRENCYDESCRIPTION="US DOLLAR" CURRENCYSYMBOL="D" CURRENCYAMOUNT="41.22" PERCENTASSIGNED="100" PRORATEDAMOUNT="41.22"/><ROW YEARTEXT="2007-2008" PERIODTEXT="September, 2007" ACCOUNTNUMBERWITHDESCRIPTION="400-550-003 (100%) DESCR 400550003" ENTRYDATE="20070907" ENTRYDESCRIPTION="DESCR 000002677285800" HEADERDESCRIPTION="DESC 2007-09-07 00:00:00.0000" TRANSACTIONNUMBER="63" CURRENCYDESCRIPTION="CURRENCY 6" CURRENCYSYMBOL="I" CURRENCYAMOUNT="60000" PERCENTASSIGNED="100" PRORATEDAMOUNT="60000"/><ROW YEARTEXT="2007-2008" PERIODTEXT="September, 2007" ACCOUNTNUMBERWITHDESCRIPTION="400-550-003 (100%) DESCR 400550003" ENTRYDATE="20070907" ENTRYDESCRIPTION="DESCR 000002677285800" HEADERDESCRIPTION="DESC 2007-09-07 00:00:00.0000" TRANSACTIONNUMBER="63" CURRENCYDESCRIPTION="US DOLLAR" CURRENCYSYMBOL="D" CURRENCYAMOUNT="39.89" PERCENTASSIGNED="100" PRORATEDAMOUNT="39.89"/><ROW YEARTEXT="2007-2008" PERIODTEXT="October, 2007" ACCOUNTNUMBERWITHDESCRIPTION="400-550-003 (100%) DESCR 400550003" ENTRYDATE="20071016" ENTRYDESCRIPTION="DESCR 000002706885800" HEADERDESCRIPTION="DESC 2007-10-16 00:00:00.0000" TRANSACTIONNUMBER="70" CURRENCYDESCRIPTION="CURRENCY 6" CURRENCYSYMBOL="I" CURRENCYAMOUNT="75000" PERCENTASSIGNED="100" PRORATEDAMOUNT="75000"/><ROW YEARTEXT="2007-2008" PERIODTEXT="October, 2007" ACCOUNTNUMBERWITHDESCRIPTION="400-550-003 (100%) DESCR 400550003" ENTRYDATE="20071016" ENTRYDESCRIPTION="DESCR 000002706885800" HEADERDESCRIPTION="DESC 2007-10-16 00:00:00.0000" TRANSACTIONNUMBER="70" CURRENCYDESCRIPTION="US DOLLAR" CURRENCYSYMBOL="D" CURRENCYAMOUNT="49.77" PERCENTASSIGNED="100" PRORATEDAMOUNT="49.77"/><ROW YEARTEXT="2007-2008" PERIODTEXT="November, 2007" ACCOUNTNUMBERWITHDESCRIPTION="400-550-003 (100%) DESCR 400550003" ENTRYDATE="20071115" ENTRYDESCRIPTION="DESCR 000002728685800" HEADERDESCRIPTION="DESC 2007-11-15 00:00:00.0000" TRANSACTIONNUMBER="75" CURRENCYDESCRIPTION="CURRENCY 6" CURRENCYSYMBOL="I" CURRENCYAMOUNT="75000" PERCENTASSIGNED="100" PRORATEDAMOUNT="75000"/><ROW YEARTEXT="2007-2008" PERIODTEXT="November, 2007" ACCOUNTNUMBERWITHDESCRIPTION="400-550-003 (100%) DESCR 400550003" ENTRYDATE="20071115" ENTRYDESCRIPTION="DESCR 000002728685800" HEADERDESCRIPTION="DESC 2007-11-15 00:00:00.0000" TRANSACTIONNUMBER="75" CURRENCYDESCRIPTION="US DOLLAR" CURRENCYSYMBOL="D" CURRENCYAMOUNT="49.77" PERCENTASSIGNED="100" PRORATEDAMOUNT="49.77"/><ROW YEARTEXT="2007-2008" PERIODTEXT="December, 2007" ACCOUNTNUMBERWITHDESCRIPTION="400-550-003 (100%) DESCR 400550003" ENTRYDATE="20071210" ENTRYDESCRIPTION="DESCR 000002762685800" HEADERDESCRIPTION="DESC 2007-12-10 00:00:00.0000" TRANSACTIONNUMBER="85" CURRENCYDESCRIPTION="CURRENCY 6" CURRENCYSYMBOL="I" CURRENCYAMOUNT="35000" PERCENTASSIGNED="100" PRORATEDAMOUNT="35000"/><ROW YEARTEXT="2007-2008" PERIODTEXT="December, 2007" ACCOUNTNUMBERWITHDESCRIPTION="400-550-003 (100%) DESCR 400550003" ENTRYDATE="20071210" ENTRYDESCRIPTION="DESCR 000002762685800" HEADERDESCRIPTION="DESC 2007-12-10 00:00:00.0000" TRANSACTIONNUMBER="85" CURRENCYDESCRIPTION="US DOLLAR" CURRENCYSYMBOL="D" CURRENCYAMOUNT="23.24" PERCENTASSIGNED="100" PRORATEDAMOUNT="23.24"/><ROW YEARTEXT="2007-2008" PERIODTEXT="January, 2008" ACCOUNTNUMBERWITHDESCRIPTION="400-550-003 (100%) DESCR 400550003" ENTRYDATE="20080126" ENTRYDESCRIPTION="DESCR 000002787085800" HEADERDESCRIPTION="DESC 2008-01-26 00:00:00.0000" TRANSACTIONNUMBER="90" CURRENCYDESCRIPTION="CURRENCY 6" CURRENCYSYMBOL="I" CURRENCYAMOUNT="50000" PERCENTASSIGNED="100" PRORATEDAMOUNT="50000"/><ROW YEARTEXT="2007-2008" PERIODTEXT="January, 2008" ACCOUNTNUMBERWITHDESCRIPTION="400-550-003 (100%) DESCR 400550003" ENTRYDATE="20080126" ENTRYDESCRIPTION="DESCR 000002787085800" HEADERDESCRIPTION="DESC 2008-01-26 00:00:00.0000" TRANSACTIONNUMBER="90" CURRENCYDESCRIPTION="US DOLLAR" CURRENCYSYMBOL="D" CURRENCYAMOUNT="33.2" PERCENTASSIGNED="100" PRORATEDAMOUNT="33.2"/><ROW YEARTEXT="2007-2008" PERIODTEXT="January, 2008" ACCOUNTNUMBERWITHDESCRIPTION="400-550-003 (100%) DESCR 400550003" ENTRYDATE="20080131" ENTRYDESCRIPTION="DESCR 000002789685800" HEADERDESCRIPTION="DESC 2008-01-31 00:00:00.0000" TRANSACTIONNUMBER="67" CURRENCYDESCRIPTION="CURRENCY 6" CURRENCYSYMBOL="I" CURRENCYAMOUNT="72000" PERCENTASSIGNED="100" PRORATEDAMOUNT="72000"/><ROW YEARTEXT="2007-2008" PERIODTEXT="January, 2008" ACCOUNTNUMBERWITHDESCRIPTION="400-550-003 (100%) DESCR 400550003" ENTRYDATE="20080131" ENTRYDESCRIPTION="DESCR 000002789685800" HEADERDESCRIPTION="DESC 2008-01-31 00:00:00.0000" TRANSACTIONNUMBER="67" CURRENCYDESCRIPTION="US DOLLAR" CURRENCYSYMBOL="D" CURRENCYAMOUNT="47.81" PERCENTASSIGNED="100" PRORATEDAMOUNT="47.81"/><ROW YEARTEXT="2007-2008" PERIODTEXT="February, 2008" ACCOUNTNUMBERWITHDESCRIPTION="400-550-003 (100%) DESCR 400550003" ENTRYDATE="20080204" ENTRYDESCRIPTION="DESCR 000002800085800" HEADERDESCRIPTION="DESC 2008-02-04 00:00:00.0000" TRANSACTIONNUMBER="865919" CURRENCYDESCRIPTION="US DOLLAR" CURRENCYSYMBOL="D" CURRENCYAMOUNT="350" PERCENTASSIGNED="100" PRORATEDAMOUNT="350"/><ROW YEARTEXT="2007-2008" PERIODTEXT="February, 2008" ACCOUNTNUMBERWITHDESCRIPTION="400-550-003 (100%) DESCR 400550003" ENTRYDATE="20080204" ENTRYDESCRIPTION="DESCR 000002800085800" HEADERDESCRIPTION="DESC 2008-02-04 00:00:00.0000" TRANSACTIONNUMBER="865919" CURRENCYDESCRIPTION="US DOLLAR" CURRENCYSYMBOL="D" CURRENCYAMOUNT="350" PERCENTASSIGNED="100" PRORATEDAMOUNT="350"/><ROW YEARTEXT="2007-2008" PERIODTEXT="February, 2008" ACCOUNTNUMBERWITHDESCRIPTION="400-550-003 (100%) DESCR 400550003" ENTRYDATE="20080208" ENTRYDESCRIPTION="DESCR 000002802385800" HEADERDESCRIPTION="DESC 2008-02-08 00:00:00.0000" TRANSACTIONNUMBER="93" CURRENCYDESCRIPTION="CURRENCY 6" CURRENCYSYMBOL="I" CURRENCYAMOUNT="80000" PERCENTASSIGNED="100" PRORATEDAMOUNT="80000"/><ROW YEARTEXT="2007-2008" PERIODTEXT="February, 2008" ACCOUNTNUMBERWITHDESCRIPTION="400-550-003 (100%) DESCR 400550003" ENTRYDATE="20080208" ENTRYDESCRIPTION="DESCR 000002802385800" HEADERDESCRIPTION="DESC 2008-02-08 00:00:00.0000" TRANSACTIONNUMBER="93" CURRENCYDESCRIPTION="US DOLLAR" CURRENCYSYMBOL="D" CURRENCYAMOUNT="53.12" PERCENTASSIGNED="100" PRORATEDAMOUNT="53.12"/><ROW YEARTEXT="2007-2008" PERIODTEXT="April, 2007" ACCOUNTNUMBERWITHDESCRIPTION="410-650-000 (100%) DESCR 410650000" ENTRYDATE="20070418" ENTRYDESCRIPTION="DESCR 000002532685800" HEADERDESCRIPTION="DESC 2007-04-18 00:00:00.0000" TRANSACTIONNUMBER="865872" CURRENCYDESCRIPTION="US DOLLAR" CURRENCYSYMBOL="D" CURRENCYAMOUNT="4000" PERCENTASSIGNED="100" PRORATEDAMOUNT="4000"/><ROW YEARTEXT="2007-2008" PERIODTEXT="April, 2007" ACCOUNTNUMBERWITHDESCRIPTION="410-650-000 (100%) DESCR 410650000" ENTRYDATE="20070418" ENTRYDESCRIPTION="DESCR 000002532685800" HEADERDESCRIPTION="DESC 2007-04-18 00:00:00.0000" TRANSACTIONNUMBER="865872" CURRENCYDESCRIPTION="US DOLLAR" CURRENCYSYMBOL="D" CURRENCYAMOUNT="4000" PERCENTASSIGNED="100" PRORATEDAMOUNT="4000"/><ROW YEARTEXT="2007-2008" PERIODTEXT="May, 2007" ACCOUNTNUMBERWITHDESCRIPTION="650-650-000 (100%) DESCR 650650000" ENTRYDATE="20070526" ENTRYDESCRIPTION="DESCR 000002564485800" HEADERDESCRIPTION="DESC 2007-05-26 00:00:00.0000" TRANSACTIONNUMBER="865877" CURRENCYDESCRIPTION="US DOLLAR" CURRENCYSYMBOL="D" CURRENCYAMOUNT="5925" PERCENTASSIGNED="100" PRORATEDAMOUNT="5925"/><ROW YEARTEXT="2007-2008" PERIODTEXT="May, 2007" ACCOUNTNUMBERWITHDESCRIPTION="650-650-000 (100%) DESCR 650650000" ENTRYDATE="20070526" ENTRYDESCRIPTION="DESCR 000002564485800" HEADERDESCRIPTION="DESC 2007-05-26 00:00:00.0000" TRANSACTIONNUMBER="865877" CURRENCYDESCRIPTION="US DOLLAR" CURRENCYSYMBOL="D" CURRENCYAMOUNT="5925" PERCENTASSIGNED="100" PRORATEDAMOUNT="5925"/><ROW YEARTEXT="2006-2007" PERIODTEXT="July, 2006" ACCOUNTNUMBERWITHDESCRIPTION="501-650-000 (100%) DESCR 501650000" ENTRYDATE="20061030" ENTRYDESCRIPTION="DESCR 000002272685800" HEADERDESCRIPTION="DESC 2006-10-30 00:00:00.0000" TRANSACTIONNUMBER="85" CURRENCYDESCRIPTION="US DOLLAR" CURRENCYSYMBOL="D" CURRENCYAMOUNT="10000" PERCENTASSIGNED="100" PRORATEDAMOUNT="10000"/><ROW YEARTEXT="2006-2007" PERIODTEXT="July, 2006" ACCOUNTNUMBERWITHDESCRIPTION="501-650-000 (100%) DESCR 501650000" ENTRYDATE="20061030" ENTRYDESCRIPTION="DESCR 000002272685800" HEADERDESCRIPTION="DESC 2006-10-30 00:00:00.0000" TRANSACTIONNUMBER="85" CURRENCYDESCRIPTION="US DOLLAR" CURRENCYSYMBOL="D" CURRENCYAMOUNT="10000" PERCENTASSIGNED="100" PRORATEDAMOUNT="10000"/><ROW YEARTEXT="2006-2007" PERIODTEXT="July, 2006" ACCOUNTNUMBERWITHDESCRIPTION="501-650-000 (100%) DESCR 501650000" ENTRYDATE="20061030" ENTRYDESCRIPTION="DESCR 000002272985800" HEADERDESCRIPTION="DESC 2006-10-30 00:00:00.0000" TRANSACTIONNUMBER="86" CURRENCYDESCRIPTION="US DOLLAR" CURRENCYSYMBOL="D" CURRENCYAMOUNT="10000" PERCENTASSIGNED="100" PRORATEDAMOUNT="10000"/><ROW YEARTEXT="2006-2007" PERIODTEXT="July, 2006" ACCOUNTNUMBERWITHDESCRIPTION="501-650-000 (100%) DESCR 501650000" ENTRYDATE="20061030" ENTRYDESCRIPTION="DESCR 000002272985800" HEADERDESCRIPTION="DESC 2006-10-30 00:00:00.0000" TRANSACTIONNUMBER="86" CURRENCYDESCRIPTION="US DOLLAR" CURRENCYSYMBOL="D" CURRENCYAMOUNT="10000" PERCENTASSIGNED="100" PRORATEDAMOUNT="10000"/><ROW YEARTEXT="2006-2007" PERIODTEXT="July, 2006" ACCOUNTNUMBERWITHDESCRIPTION="501-650-000 (100%) DESCR 501650000" ENTRYDATE="20061031" ENTRYDESCRIPTION="DESCR 000002284285800" HEADERDESCRIPTION="DESC 2006-10-31 00:00:00.0000" TRANSACTIONNUMBER="865830" CURRENCYDESCRIPTION="US DOLLAR" CURRENCYSYMBOL="D" CURRENCYAMOUNT="6000" PERCENTASSIGNED="100" PRORATEDAMOUNT="6000"/><ROW YEARTEXT="2006-2007" PERIODTEXT="July, 2006" ACCOUNTNUMBERWITHDESCRIPTION="501-650-000 (100%) DESCR 501650000" ENTRYDATE="20061031" ENTRYDESCRIPTION="DESCR 000002284285800" HEADERDESCRIPTION="DESC 2006-10-31 00:00:00.0000" TRANSACTIONNUMBER="865830" CURRENCYDESCRIPTION="US DOLLAR" CURRENCYSYMBOL="D" CURRENCYAMOUNT="6000" PERCENTASSIGNED="100" PRORATEDAMOUNT="6000"/><ROW YEARTEXT="2006-2007" PERIODTEXT="July, 2006" ACCOUNTNUMBERWITHDESCRIPTION="501-650-000 (100%) DESCR 501650000" ENTRYDATE="20061031" ENTRYDESCRIPTION="DESCR 000002285185800" HEADERDESCRIPTION="DESC 2006-10-31 00:00:00.0000" TRANSACTIONNUMBER="865833" CURRENCYDESCRIPTION="US DOLLAR" CURRENCYSYMBOL="D" CURRENCYAMOUNT="6000" PERCENTASSIGNED="100" PRORATEDAMOUNT="6000"/><ROW YEARTEXT="2006-2007" PERIODTEXT="July, 2006" ACCOUNTNUMBERWITHDESCRIPTION="501-650-000 (100%) DESCR 501650000" ENTRYDATE="20061031" ENTRYDESCRIPTION="DESCR 000002285185800" HEADERDESCRIPTION="DESC 2006-10-31 00:00:00.0000" TRANSACTIONNUMBER="865833" CURRENCYDESCRIPTION="US DOLLAR" CURRENCYSYMBOL="D" CURRENCYAMOUNT="6000" PERCENTASSIGNED="100" PRORATEDAMOUNT="6000"/><ROW YEARTEXT="2006-2007" PERIODTEXT="August, 2006" ACCOUNTNUMBERWITHDESCRIPTION="501-650-000 (100%) DESCR 501650000" ENTRYDATE="20061102" ENTRYDESCRIPTION="DESCR 000002305585800" HEADERDESCRIPTION="DESC 2006-11-02 00:00:00.0000" TRANSACTIONNUMBER="97" CURRENCYDESCRIPTION="US DOLLAR" CURRENCYSYMBOL="D" CURRENCYAMOUNT="-12000" PERCENTASSIGNED="100" PRORATEDAMOUNT="-12000"/><ROW YEARTEXT="2006-2007" PERIODTEXT="August, 2006" ACCOUNTNUMBERWITHDESCRIPTION="501-650-000 (100%) DESCR 501650000" ENTRYDATE="20061102" ENTRYDESCRIPTION="DESCR 000002305585800" HEADERDESCRIPTION="DESC 2006-11-02 00:00:00.0000" TRANSACTIONNUMBER="97" CURRENCYDESCRIPTION="US DOLLAR" CURRENCYSYMBOL="D" CURRENCYAMOUNT="-12000" PERCENTASSIGNED="100" PRORATEDAMOUNT="-12000"/><ROW YEARTEXT="2006-2007" PERIODTEXT="December, 2006" ACCOUNTNUMBERWITHDESCRIPTION="452-650-000 (100%) DESCR 452650000" ENTRYDATE="20061211" ENTRYDESCRIPTION="DESCR 000002386885800" HEADERDESCRIPTION="DESC 2006-12-11 00:00:00.0000" TRANSACTIONNUMBER="865843" CURRENCYDESCRIPTION="US DOLLAR" CURRENCYSYMBOL="D" CURRENCYAMOUNT="15000" PERCENTASSIGNED="100" PRORATEDAMOUNT="15000"/><ROW YEARTEXT="2006-2007" PERIODTEXT="December, 2006" ACCOUNTNUMBERWITHDESCRIPTION="452-650-000 (100%) DESCR 452650000" ENTRYDATE="20061211" ENTRYDESCRIPTION="DESCR 000002386885800" HEADERDESCRIPTION="DESC 2006-12-11 00:00:00.0000" TRANSACTIONNUMBER="865843" CURRENCYDESCRIPTION="US DOLLAR" CURRENCYSYMBOL="D" CURRENCYAMOUNT="15000" PERCENTASSIGNED="100" PRORATEDAMOUNT="15000"/></ROWDATA></DATAPACKET>